frame_id,sequence_id,tif_image_path,tif_mask_path,png_image_path,png_mask_path
1,1,TIFF/Original/1.tif,TIFF/Ground Truth/1.tif,PNG/Original/1.png,PNG/Ground Truth/1.png
10,1,TIFF/Original/10.tif,TIFF/Ground Truth/10.tif,PNG/Original/10.png,PNG/Ground Truth/10.png
100,5,TIFF/Original/100.tif,TIFF/Ground Truth/100.tif,PNG/Original/100.png,PNG/Ground Truth/100.png
101,5,TIFF/Original/101.tif,TIFF/Ground Truth/101.tif,PNG/Original/101.png,PNG/Ground Truth/101.png
102,5,TIFF/Original/102.tif,TIFF/Ground Truth/102.tif,PNG/Original/102.png,PNG/Ground Truth/102.png
103,5,TIFF/Original/103.tif,TIFF/Ground Truth/103.tif,PNG/Original/103.png,PNG/Ground Truth/103.png
104,6,TIFF/Original/104.tif,TIFF/Ground Truth/104.tif,PNG/Original/104.png,PNG/Ground Truth/104.png
105,6,TIFF/Original/105.tif,TIFF/Ground Truth/105.tif,PNG/Original/105.png,PNG/Ground Truth/105.png
106,6,TIFF/Original/106.tif,TIFF/Ground Truth/106.tif,PNG/Original/106.png,PNG/Ground Truth/106.png
107,6,TIFF/Original/107.tif,TIFF/Ground Truth/107.tif,PNG/Original/107.png,PNG/Ground Truth/107.png
108,6,TIFF/Original/108.tif,TIFF/Ground Truth/108.tif,PNG/Original/108.png,PNG/Ground Truth/108.png
109,6,TIFF/Original/109.tif,TIFF/Ground Truth/109.tif,PNG/Original/109.png,PNG/Ground Truth/109.png
11,1,TIFF/Original/11.tif,TIFF/Ground Truth/11.tif,PNG/Original/11.png,PNG/Ground Truth/11.png
110,6,TIFF/Original/110.tif,TIFF/Ground Truth/110.tif,PNG/Original/110.png,PNG/Ground Truth/110.png
111,6,TIFF/Original/111.tif,TIFF/Ground Truth/111.tif,PNG/Original/111.png,PNG/Ground Truth/111.png
112,6,TIFF/Original/112.tif,TIFF/Ground Truth/112.tif,PNG/Original/112.png,PNG/Ground Truth/112.png
113,6,TIFF/Original/113.tif,TIFF/Ground Truth/113.tif,PNG/Original/113.png,PNG/Ground Truth/113.png
114,6,TIFF/Original/114.tif,TIFF/Ground Truth/114.tif,PNG/Original/114.png,PNG/Ground Truth/114.png
115,6,TIFF/Original/115.tif,TIFF/Ground Truth/115.tif,PNG/Original/115.png,PNG/Ground Truth/115.png
116,6,TIFF/Original/116.tif,TIFF/Ground Truth/116.tif,PNG/Original/116.png,PNG/Ground Truth/116.png
117,6,TIFF/Original/117.tif,TIFF/Ground Truth/117.tif,PNG/Original/117.png,PNG/Ground Truth/117.png
118,6,TIFF/Original/118.tif,TIFF/Ground Truth/118.tif,PNG/Original/118.png,PNG/Ground Truth/118.png
119,6,TIFF/Original/119.tif,TIFF/Ground Truth/119.tif,PNG/Original/119.png,PNG/Ground Truth/119.png
12,1,TIFF/Original/12.tif,TIFF/Ground Truth/12.tif,PNG/Original/12.png,PNG/Ground Truth/12.png
120,6,TIFF/Original/120.tif,TIFF/Ground Truth/120.tif,PNG/Original/120.png,PNG/Ground Truth/120.png
121,6,TIFF/Original/121.tif,TIFF/Ground Truth/121.tif,PNG/Original/121.png,PNG/Ground Truth/121.png
122,6,TIFF/Original/122.tif,TIFF/Ground Truth/122.tif,PNG/Original/122.png,PNG/Ground Truth/122.png
123,6,TIFF/Original/123.tif,TIFF/Ground Truth/123.tif,PNG/Original/123.png,PNG/Ground Truth/123.png
124,6,TIFF/Original/124.tif,TIFF/Ground Truth/124.tif,PNG/Original/124.png,PNG/Ground Truth/124.png
125,6,TIFF/Original/125.tif,TIFF/Ground Truth/125.tif,PNG/Original/125.png,PNG/Ground Truth/125.png
126,6,TIFF/Original/126.tif,TIFF/Ground Truth/126.tif,PNG/Original/126.png,PNG/Ground Truth/126.png
127,7,TIFF/Original/127.tif,TIFF/Ground Truth/127.tif,PNG/Original/127.png,PNG/Ground Truth/127.png
128,7,TIFF/Original/128.tif,TIFF/Ground Truth/128.tif,PNG/Original/128.png,PNG/Ground Truth/128.png
129,7,TIFF/Original/129.tif,TIFF/Ground Truth/129.tif,PNG/Original/129.png,PNG/Ground Truth/129.png
13,1,TIFF/Original/13.tif,TIFF/Ground Truth/13.tif,PNG/Original/13.png,PNG/Ground Truth/13.png
130,7,TIFF/Original/130.tif,TIFF/Ground Truth/130.tif,PNG/Original/130.png,PNG/Ground Truth/130.png
131,7,TIFF/Original/131.tif,TIFF/Ground Truth/131.tif,PNG/Original/131.png,PNG/Ground Truth/131.png
132,7,TIFF/Original/132.tif,TIFF/Ground Truth/132.tif,PNG/Original/132.png,PNG/Ground Truth/132.png
133,7,TIFF/Original/133.tif,TIFF/Ground Truth/133.tif,PNG/Original/133.png,PNG/Ground Truth/133.png
134,7,TIFF/Original/134.tif,TIFF/Ground Truth/134.tif,PNG/Original/134.png,PNG/Ground Truth/134.png
135,7,TIFF/Original/135.tif,TIFF/Ground Truth/135.tif,PNG/Original/135.png,PNG/Ground Truth/135.png
136,7,TIFF/Original/136.tif,TIFF/Ground Truth/136.tif,PNG/Original/136.png,PNG/Ground Truth/136.png
137,7,TIFF/Original/137.tif,TIFF/Ground Truth/137.tif,PNG/Original/137.png,PNG/Ground Truth/137.png
138,7,TIFF/Original/138.tif,TIFF/Ground Truth/138.tif,PNG/Original/138.png,PNG/Ground Truth/138.png
139,7,TIFF/Original/139.tif,TIFF/Ground Truth/139.tif,PNG/Original/139.png,PNG/Ground Truth/139.png
14,1,TIFF/Original/14.tif,TIFF/Ground Truth/14.tif,PNG/Original/14.png,PNG/Ground Truth/14.png
140,7,TIFF/Original/140.tif,TIFF/Ground Truth/140.tif,PNG/Original/140.png,PNG/Ground Truth/140.png
141,7,TIFF/Original/141.tif,TIFF/Ground Truth/141.tif,PNG/Original/141.png,PNG/Ground Truth/141.png
142,7,TIFF/Original/142.tif,TIFF/Ground Truth/142.tif,PNG/Original/142.png,PNG/Ground Truth/142.png
143,7,TIFF/Original/143.tif,TIFF/Ground Truth/143.tif,PNG/Original/143.png,PNG/Ground Truth/143.png
144,7,TIFF/Original/144.tif,TIFF/Ground Truth/144.tif,PNG/Original/144.png,PNG/Ground Truth/144.png
145,7,TIFF/Original/145.tif,TIFF/Ground Truth/145.tif,PNG/Original/145.png,PNG/Ground Truth/145.png
146,7,TIFF/Original/146.tif,TIFF/Ground Truth/146.tif,PNG/Original/146.png,PNG/Ground Truth/146.png
147,7,TIFF/Original/147.tif,TIFF/Ground Truth/147.tif,PNG/Original/147.png,PNG/Ground Truth/147.png
148,7,TIFF/Original/148.tif,TIFF/Ground Truth/148.tif,PNG/Original/148.png,PNG/Ground Truth/148.png
149,7,TIFF/Original/149.tif,TIFF/Ground Truth/149.tif,PNG/Original/149.png,PNG/Ground Truth/149.png
15,1,TIFF/Original/15.tif,TIFF/Ground Truth/15.tif,PNG/Original/15.png,PNG/Ground Truth/15.png
150,7,TIFF/Original/150.tif,TIFF/Ground Truth/150.tif,PNG/Original/150.png,PNG/Ground Truth/150.png
151,7,TIFF/Original/151.tif,TIFF/Ground Truth/151.tif,PNG/Original/151.png,PNG/Ground Truth/151.png
152,8,TIFF/Original/152.tif,TIFF/Ground Truth/152.tif,PNG/Original/152.png,PNG/Ground Truth/152.png
153,8,TIFF/Original/153.tif,TIFF/Ground Truth/153.tif,PNG/Original/153.png,PNG/Ground Truth/153.png
154,8,TIFF/Original/154.tif,TIFF/Ground Truth/154.tif,PNG/Original/154.png,PNG/Ground Truth/154.png
155,8,TIFF/Original/155.tif,TIFF/Ground Truth/155.tif,PNG/Original/155.png,PNG/Ground Truth/155.png
156,8,TIFF/Original/156.tif,TIFF/Ground Truth/156.tif,PNG/Original/156.png,PNG/Ground Truth/156.png
157,8,TIFF/Original/157.tif,TIFF/Ground Truth/157.tif,PNG/Original/157.png,PNG/Ground Truth/157.png
158,8,TIFF/Original/158.tif,TIFF/Ground Truth/158.tif,PNG/Original/158.png,PNG/Ground Truth/158.png
159,8,TIFF/Original/159.tif,TIFF/Ground Truth/159.tif,PNG/Original/159.png,PNG/Ground Truth/159.png
16,1,TIFF/Original/16.tif,TIFF/Ground Truth/16.tif,PNG/Original/16.png,PNG/Ground Truth/16.png
160,8,TIFF/Original/160.tif,TIFF/Ground Truth/160.tif,PNG/Original/160.png,PNG/Ground Truth/160.png
161,8,TIFF/Original/161.tif,TIFF/Ground Truth/161.tif,PNG/Original/161.png,PNG/Ground Truth/161.png
162,8,TIFF/Original/162.tif,TIFF/Ground Truth/162.tif,PNG/Original/162.png,PNG/Ground Truth/162.png
163,8,TIFF/Original/163.tif,TIFF/Ground Truth/163.tif,PNG/Original/163.png,PNG/Ground Truth/163.png
164,8,TIFF/Original/164.tif,TIFF/Ground Truth/164.tif,PNG/Original/164.png,PNG/Ground Truth/164.png
165,8,TIFF/Original/165.tif,TIFF/Ground Truth/165.tif,PNG/Original/165.png,PNG/Ground Truth/165.png
166,8,TIFF/Original/166.tif,TIFF/Ground Truth/166.tif,PNG/Original/166.png,PNG/Ground Truth/166.png
167,8,TIFF/Original/167.tif,TIFF/Ground Truth/167.tif,PNG/Original/167.png,PNG/Ground Truth/167.png
168,8,TIFF/Original/168.tif,TIFF/Ground Truth/168.tif,PNG/Original/168.png,PNG/Ground Truth/168.png
169,8,TIFF/Original/169.tif,TIFF/Ground Truth/169.tif,PNG/Original/169.png,PNG/Ground Truth/169.png
17,1,TIFF/Original/17.tif,TIFF/Ground Truth/17.tif,PNG/Original/17.png,PNG/Ground Truth/17.png
170,8,TIFF/Original/170.tif,TIFF/Ground Truth/170.tif,PNG/Original/170.png,PNG/Ground Truth/170.png
171,8,TIFF/Original/171.tif,TIFF/Ground Truth/171.tif,PNG/Original/171.png,PNG/Ground Truth/171.png
172,8,TIFF/Original/172.tif,TIFF/Ground Truth/172.tif,PNG/Original/172.png,PNG/Ground Truth/172.png
173,8,TIFF/Original/173.tif,TIFF/Ground Truth/173.tif,PNG/Original/173.png,PNG/Ground Truth/173.png
174,8,TIFF/Original/174.tif,TIFF/Ground Truth/174.tif,PNG/Original/174.png,PNG/Ground Truth/174.png
175,8,TIFF/Original/175.tif,TIFF/Ground Truth/175.tif,PNG/Original/175.png,PNG/Ground Truth/175.png
176,8,TIFF/Original/176.tif,TIFF/Ground Truth/176.tif,PNG/Original/176.png,PNG/Ground Truth/176.png
177,8,TIFF/Original/177.tif,TIFF/Ground Truth/177.tif,PNG/Original/177.png,PNG/Ground Truth/177.png
178,9,TIFF/Original/178.tif,TIFF/Ground Truth/178.tif,PNG/Original/178.png,PNG/Ground Truth/178.png
179,9,TIFF/Original/179.tif,TIFF/Ground Truth/179.tif,PNG/Original/179.png,PNG/Ground Truth/179.png
18,1,TIFF/Original/18.tif,TIFF/Ground Truth/18.tif,PNG/Original/18.png,PNG/Ground Truth/18.png
180,9,TIFF/Original/180.tif,TIFF/Ground Truth/180.tif,PNG/Original/180.png,PNG/Ground Truth/180.png
181,9,TIFF/Original/181.tif,TIFF/Ground Truth/181.tif,PNG/Original/181.png,PNG/Ground Truth/181.png
182,9,TIFF/Original/182.tif,TIFF/Ground Truth/182.tif,PNG/Original/182.png,PNG/Ground Truth/182.png
183,9,TIFF/Original/183.tif,TIFF/Ground Truth/183.tif,PNG/Original/183.png,PNG/Ground Truth/183.png
184,9,TIFF/Original/184.tif,TIFF/Ground Truth/184.tif,PNG/Original/184.png,PNG/Ground Truth/184.png
185,9,TIFF/Original/185.tif,TIFF/Ground Truth/185.tif,PNG/Original/185.png,PNG/Ground Truth/185.png
186,9,TIFF/Original/186.tif,TIFF/Ground Truth/186.tif,PNG/Original/186.png,PNG/Ground Truth/186.png
187,9,TIFF/Original/187.tif,TIFF/Ground Truth/187.tif,PNG/Original/187.png,PNG/Ground Truth/187.png
188,9,TIFF/Original/188.tif,TIFF/Ground Truth/188.tif,PNG/Original/188.png,PNG/Ground Truth/188.png
189,9,TIFF/Original/189.tif,TIFF/Ground Truth/189.tif,PNG/Original/189.png,PNG/Ground Truth/189.png
19,1,TIFF/Original/19.tif,TIFF/Ground Truth/19.tif,PNG/Original/19.png,PNG/Ground Truth/19.png
190,9,TIFF/Original/190.tif,TIFF/Ground Truth/190.tif,PNG/Original/190.png,PNG/Ground Truth/190.png
191,9,TIFF/Original/191.tif,TIFF/Ground Truth/191.tif,PNG/Original/191.png,PNG/Ground Truth/191.png
192,9,TIFF/Original/192.tif,TIFF/Ground Truth/192.tif,PNG/Original/192.png,PNG/Ground Truth/192.png
193,9,TIFF/Original/193.tif,TIFF/Ground Truth/193.tif,PNG/Original/193.png,PNG/Ground Truth/193.png
194,9,TIFF/Original/194.tif,TIFF/Ground Truth/194.tif,PNG/Original/194.png,PNG/Ground Truth/194.png
195,9,TIFF/Original/195.tif,TIFF/Ground Truth/195.tif,PNG/Original/195.png,PNG/Ground Truth/195.png
196,9,TIFF/Original/196.tif,TIFF/Ground Truth/196.tif,PNG/Original/196.png,PNG/Ground Truth/196.png
197,9,TIFF/Original/197.tif,TIFF/Ground Truth/197.tif,PNG/Original/197.png,PNG/Ground Truth/197.png
198,9,TIFF/Original/198.tif,TIFF/Ground Truth/198.tif,PNG/Original/198.png,PNG/Ground Truth/198.png
199,9,TIFF/Original/199.tif,TIFF/Ground Truth/199.tif,PNG/Original/199.png,PNG/Ground Truth/199.png
2,1,TIFF/Original/2.tif,TIFF/Ground Truth/2.tif,PNG/Original/2.png,PNG/Ground Truth/2.png
20,1,TIFF/Original/20.tif,TIFF/Ground Truth/20.tif,PNG/Original/20.png,PNG/Ground Truth/20.png
200,10,TIFF/Original/200.tif,TIFF/Ground Truth/200.tif,PNG/Original/200.png,PNG/Ground Truth/200.png
201,10,TIFF/Original/201.tif,TIFF/Ground Truth/201.tif,PNG/Original/201.png,PNG/Ground Truth/201.png
202,10,TIFF/Original/202.tif,TIFF/Ground Truth/202.tif,PNG/Original/202.png,PNG/Ground Truth/202.png
203,10,TIFF/Original/203.tif,TIFF/Ground Truth/203.tif,PNG/Original/203.png,PNG/Ground Truth/203.png
204,10,TIFF/Original/204.tif,TIFF/Ground Truth/204.tif,PNG/Original/204.png,PNG/Ground Truth/204.png
205,10,TIFF/Original/205.tif,TIFF/Ground Truth/205.tif,PNG/Original/205.png,PNG/Ground Truth/205.png
206,11,TIFF/Original/206.tif,TIFF/Ground Truth/206.tif,PNG/Original/206.png,PNG/Ground Truth/206.png
207,11,TIFF/Original/207.tif,TIFF/Ground Truth/207.tif,PNG/Original/207.png,PNG/Ground Truth/207.png
208,11,TIFF/Original/208.tif,TIFF/Ground Truth/208.tif,PNG/Original/208.png,PNG/Ground Truth/208.png
209,11,TIFF/Original/209.tif,TIFF/Ground Truth/209.tif,PNG/Original/209.png,PNG/Ground Truth/209.png
21,1,TIFF/Original/21.tif,TIFF/Ground Truth/21.tif,PNG/Original/21.png,PNG/Ground Truth/21.png
210,11,TIFF/Original/210.tif,TIFF/Ground Truth/210.tif,PNG/Original/210.png,PNG/Ground Truth/210.png
211,11,TIFF/Original/211.tif,TIFF/Ground Truth/211.tif,PNG/Original/211.png,PNG/Ground Truth/211.png
212,11,TIFF/Original/212.tif,TIFF/Ground Truth/212.tif,PNG/Original/212.png,PNG/Ground Truth/212.png
213,11,TIFF/Original/213.tif,TIFF/Ground Truth/213.tif,PNG/Original/213.png,PNG/Ground Truth/213.png
214,11,TIFF/Original/214.tif,TIFF/Ground Truth/214.tif,PNG/Original/214.png,PNG/Ground Truth/214.png
215,11,TIFF/Original/215.tif,TIFF/Ground Truth/215.tif,PNG/Original/215.png,PNG/Ground Truth/215.png
216,11,TIFF/Original/216.tif,TIFF/Ground Truth/216.tif,PNG/Original/216.png,PNG/Ground Truth/216.png
217,11,TIFF/Original/217.tif,TIFF/Ground Truth/217.tif,PNG/Original/217.png,PNG/Ground Truth/217.png
218,11,TIFF/Original/218.tif,TIFF/Ground Truth/218.tif,PNG/Original/218.png,PNG/Ground Truth/218.png
219,11,TIFF/Original/219.tif,TIFF/Ground Truth/219.tif,PNG/Original/219.png,PNG/Ground Truth/219.png
22,1,TIFF/Original/22.tif,TIFF/Ground Truth/22.tif,PNG/Original/22.png,PNG/Ground Truth/22.png
220,11,TIFF/Original/220.tif,TIFF/Ground Truth/220.tif,PNG/Original/220.png,PNG/Ground Truth/220.png
221,11,TIFF/Original/221.tif,TIFF/Ground Truth/221.tif,PNG/Original/221.png,PNG/Ground Truth/221.png
222,11,TIFF/Original/222.tif,TIFF/Ground Truth/222.tif,PNG/Original/222.png,PNG/Ground Truth/222.png
223,11,TIFF/Original/223.tif,TIFF/Ground Truth/223.tif,PNG/Original/223.png,PNG/Ground Truth/223.png
224,11,TIFF/Original/224.tif,TIFF/Ground Truth/224.tif,PNG/Original/224.png,PNG/Ground Truth/224.png
225,11,TIFF/Original/225.tif,TIFF/Ground Truth/225.tif,PNG/Original/225.png,PNG/Ground Truth/225.png
226,11,TIFF/Original/226.tif,TIFF/Ground Truth/226.tif,PNG/Original/226.png,PNG/Ground Truth/226.png
227,11,TIFF/Original/227.tif,TIFF/Ground Truth/227.tif,PNG/Original/227.png,PNG/Ground Truth/227.png
228,12,TIFF/Original/228.tif,TIFF/Ground Truth/228.tif,PNG/Original/228.png,PNG/Ground Truth/228.png
229,12,TIFF/Original/229.tif,TIFF/Ground Truth/229.tif,PNG/Original/229.png,PNG/Ground Truth/229.png
23,1,TIFF/Original/23.tif,TIFF/Ground Truth/23.tif,PNG/Original/23.png,PNG/Ground Truth/23.png
230,12,TIFF/Original/230.tif,TIFF/Ground Truth/230.tif,PNG/Original/230.png,PNG/Ground Truth/230.png
231,12,TIFF/Original/231.tif,TIFF/Ground Truth/231.tif,PNG/Original/231.png,PNG/Ground Truth/231.png
232,12,TIFF/Original/232.tif,TIFF/Ground Truth/232.tif,PNG/Original/232.png,PNG/Ground Truth/232.png
233,12,TIFF/Original/233.tif,TIFF/Ground Truth/233.tif,PNG/Original/233.png,PNG/Ground Truth/233.png
234,12,TIFF/Original/234.tif,TIFF/Ground Truth/234.tif,PNG/Original/234.png,PNG/Ground Truth/234.png
235,12,TIFF/Original/235.tif,TIFF/Ground Truth/235.tif,PNG/Original/235.png,PNG/Ground Truth/235.png
236,12,TIFF/Original/236.tif,TIFF/Ground Truth/236.tif,PNG/Original/236.png,PNG/Ground Truth/236.png
237,12,TIFF/Original/237.tif,TIFF/Ground Truth/237.tif,PNG/Original/237.png,PNG/Ground Truth/237.png
238,12,TIFF/Original/238.tif,TIFF/Ground Truth/238.tif,PNG/Original/238.png,PNG/Ground Truth/238.png
239,12,TIFF/Original/239.tif,TIFF/Ground Truth/239.tif,PNG/Original/239.png,PNG/Ground Truth/239.png
24,1,TIFF/Original/24.tif,TIFF/Ground Truth/24.tif,PNG/Original/24.png,PNG/Ground Truth/24.png
240,12,TIFF/Original/240.tif,TIFF/Ground Truth/240.tif,PNG/Original/240.png,PNG/Ground Truth/240.png
241,12,TIFF/Original/241.tif,TIFF/Ground Truth/241.tif,PNG/Original/241.png,PNG/Ground Truth/241.png
242,12,TIFF/Original/242.tif,TIFF/Ground Truth/242.tif,PNG/Original/242.png,PNG/Ground Truth/242.png
243,12,TIFF/Original/243.tif,TIFF/Ground Truth/243.tif,PNG/Original/243.png,PNG/Ground Truth/243.png
244,12,TIFF/Original/244.tif,TIFF/Ground Truth/244.tif,PNG/Original/244.png,PNG/Ground Truth/244.png
245,12,TIFF/Original/245.tif,TIFF/Ground Truth/245.tif,PNG/Original/245.png,PNG/Ground Truth/245.png
246,12,TIFF/Original/246.tif,TIFF/Ground Truth/246.tif,PNG/Original/246.png,PNG/Ground Truth/246.png
247,12,TIFF/Original/247.tif,TIFF/Ground Truth/247.tif,PNG/Original/247.png,PNG/Ground Truth/247.png
248,12,TIFF/Original/248.tif,TIFF/Ground Truth/248.tif,PNG/Original/248.png,PNG/Ground Truth/248.png
249,12,TIFF/Original/249.tif,TIFF/Ground Truth/249.tif,PNG/Original/249.png,PNG/Ground Truth/249.png
25,1,TIFF/Original/25.tif,TIFF/Ground Truth/25.tif,PNG/Original/25.png,PNG/Ground Truth/25.png
250,12,TIFF/Original/250.tif,TIFF/Ground Truth/250.tif,PNG/Original/250.png,PNG/Ground Truth/250.png
251,12,TIFF/Original/251.tif,TIFF/Ground Truth/251.tif,PNG/Original/251.png,PNG/Ground Truth/251.png
252,12,TIFF/Original/252.tif,TIFF/Ground Truth/252.tif,PNG/Original/252.png,PNG/Ground Truth/252.png
253,13,TIFF/Original/253.tif,TIFF/Ground Truth/253.tif,PNG/Original/253.png,PNG/Ground Truth/253.png
254,13,TIFF/Original/254.tif,TIFF/Ground Truth/254.tif,PNG/Original/254.png,PNG/Ground Truth/254.png
255,13,TIFF/Original/255.tif,TIFF/Ground Truth/255.tif,PNG/Original/255.png,PNG/Ground Truth/255.png
256,13,TIFF/Original/256.tif,TIFF/Ground Truth/256.tif,PNG/Original/256.png,PNG/Ground Truth/256.png
257,13,TIFF/Original/257.tif,TIFF/Ground Truth/257.tif,PNG/Original/257.png,PNG/Ground Truth/257.png
258,13,TIFF/Original/258.tif,TIFF/Ground Truth/258.tif,PNG/Original/258.png,PNG/Ground Truth/258.png
259,13,TIFF/Original/259.tif,TIFF/Ground Truth/259.tif,PNG/Original/259.png,PNG/Ground Truth/259.png
26,2,TIFF/Original/26.tif,TIFF/Ground Truth/26.tif,PNG/Original/26.png,PNG/Ground Truth/26.png
260,13,TIFF/Original/260.tif,TIFF/Ground Truth/260.tif,PNG/Original/260.png,PNG/Ground Truth/260.png
261,13,TIFF/Original/261.tif,TIFF/Ground Truth/261.tif,PNG/Original/261.png,PNG/Ground Truth/261.png
262,13,TIFF/Original/262.tif,TIFF/Ground Truth/262.tif,PNG/Original/262.png,PNG/Ground Truth/262.png
263,13,TIFF/Original/263.tif,TIFF/Ground Truth/263.tif,PNG/Original/263.png,PNG/Ground Truth/263.png
264,13,TIFF/Original/264.tif,TIFF/Ground Truth/264.tif,PNG/Original/264.png,PNG/Ground Truth/264.png
265,13,TIFF/Original/265.tif,TIFF/Ground Truth/265.tif,PNG/Original/265.png,PNG/Ground Truth/265.png
266,13,TIFF/Original/266.tif,TIFF/Ground Truth/266.tif,PNG/Original/266.png,PNG/Ground Truth/266.png
267,13,TIFF/Original/267.tif,TIFF/Ground Truth/267.tif,PNG/Original/267.png,PNG/Ground Truth/267.png
268,13,TIFF/Original/268.tif,TIFF/Ground Truth/268.tif,PNG/Original/268.png,PNG/Ground Truth/268.png
269,13,TIFF/Original/269.tif,TIFF/Ground Truth/269.tif,PNG/Original/269.png,PNG/Ground Truth/269.png
27,2,TIFF/Original/27.tif,TIFF/Ground Truth/27.tif,PNG/Original/27.png,PNG/Ground Truth/27.png
270,13,TIFF/Original/270.tif,TIFF/Ground Truth/270.tif,PNG/Original/270.png,PNG/Ground Truth/270.png
271,13,TIFF/Original/271.tif,TIFF/Ground Truth/271.tif,PNG/Original/271.png,PNG/Ground Truth/271.png
272,13,TIFF/Original/272.tif,TIFF/Ground Truth/272.tif,PNG/Original/272.png,PNG/Ground Truth/272.png
273,13,TIFF/Original/273.tif,TIFF/Ground Truth/273.tif,PNG/Original/273.png,PNG/Ground Truth/273.png
274,13,TIFF/Original/274.tif,TIFF/Ground Truth/274.tif,PNG/Original/274.png,PNG/Ground Truth/274.png
275,13,TIFF/Original/275.tif,TIFF/Ground Truth/275.tif,PNG/Original/275.png,PNG/Ground Truth/275.png
276,13,TIFF/Original/276.tif,TIFF/Ground Truth/276.tif,PNG/Original/276.png,PNG/Ground Truth/276.png
277,13,TIFF/Original/277.tif,TIFF/Ground Truth/277.tif,PNG/Original/277.png,PNG/Ground Truth/277.png
278,14,TIFF/Original/278.tif,TIFF/Ground Truth/278.tif,PNG/Original/278.png,PNG/Ground Truth/278.png
279,14,TIFF/Original/279.tif,TIFF/Ground Truth/279.tif,PNG/Original/279.png,PNG/Ground Truth/279.png
28,2,TIFF/Original/28.tif,TIFF/Ground Truth/28.tif,PNG/Original/28.png,PNG/Ground Truth/28.png
280,14,TIFF/Original/280.tif,TIFF/Ground Truth/280.tif,PNG/Original/280.png,PNG/Ground Truth/280.png
281,14,TIFF/Original/281.tif,TIFF/Ground Truth/281.tif,PNG/Original/281.png,PNG/Ground Truth/281.png
282,14,TIFF/Original/282.tif,TIFF/Ground Truth/282.tif,PNG/Original/282.png,PNG/Ground Truth/282.png
283,14,TIFF/Original/283.tif,TIFF/Ground Truth/283.tif,PNG/Original/283.png,PNG/Ground Truth/283.png
284,14,TIFF/Original/284.tif,TIFF/Ground Truth/284.tif,PNG/Original/284.png,PNG/Ground Truth/284.png
285,14,TIFF/Original/285.tif,TIFF/Ground Truth/285.tif,PNG/Original/285.png,PNG/Ground Truth/285.png
286,14,TIFF/Original/286.tif,TIFF/Ground Truth/286.tif,PNG/Original/286.png,PNG/Ground Truth/286.png
287,14,TIFF/Original/287.tif,TIFF/Ground Truth/287.tif,PNG/Original/287.png,PNG/Ground Truth/287.png
288,14,TIFF/Original/288.tif,TIFF/Ground Truth/288.tif,PNG/Original/288.png,PNG/Ground Truth/288.png
289,14,TIFF/Original/289.tif,TIFF/Ground Truth/289.tif,PNG/Original/289.png,PNG/Ground Truth/289.png
29,2,TIFF/Original/29.tif,TIFF/Ground Truth/29.tif,PNG/Original/29.png,PNG/Ground Truth/29.png
290,14,TIFF/Original/290.tif,TIFF/Ground Truth/290.tif,PNG/Original/290.png,PNG/Ground Truth/290.png
291,14,TIFF/Original/291.tif,TIFF/Ground Truth/291.tif,PNG/Original/291.png,PNG/Ground Truth/291.png
292,14,TIFF/Original/292.tif,TIFF/Ground Truth/292.tif,PNG/Original/292.png,PNG/Ground Truth/292.png
293,14,TIFF/Original/293.tif,TIFF/Ground Truth/293.tif,PNG/Original/293.png,PNG/Ground Truth/293.png
294,14,TIFF/Original/294.tif,TIFF/Ground Truth/294.tif,PNG/Original/294.png,PNG/Ground Truth/294.png
295,14,TIFF/Original/295.tif,TIFF/Ground Truth/295.tif,PNG/Original/295.png,PNG/Ground Truth/295.png
296,14,TIFF/Original/296.tif,TIFF/Ground Truth/296.tif,PNG/Original/296.png,PNG/Ground Truth/296.png
297,14,TIFF/Original/297.tif,TIFF/Ground Truth/297.tif,PNG/Original/297.png,PNG/Ground Truth/297.png
298,15,TIFF/Original/298.tif,TIFF/Ground Truth/298.tif,PNG/Original/298.png,PNG/Ground Truth/298.png
299,15,TIFF/Original/299.tif,TIFF/Ground Truth/299.tif,PNG/Original/299.png,PNG/Ground Truth/299.png
3,1,TIFF/Original/3.tif,TIFF/Ground Truth/3.tif,PNG/Original/3.png,PNG/Ground Truth/3.png
30,2,TIFF/Original/30.tif,TIFF/Ground Truth/30.tif,PNG/Original/30.png,PNG/Ground Truth/30.png
300,15,TIFF/Original/300.tif,TIFF/Ground Truth/300.tif,PNG/Original/300.png,PNG/Ground Truth/300.png
301,15,TIFF/Original/301.tif,TIFF/Ground Truth/301.tif,PNG/Original/301.png,PNG/Ground Truth/301.png
302,15,TIFF/Original/302.tif,TIFF/Ground Truth/302.tif,PNG/Original/302.png,PNG/Ground Truth/302.png
303,15,TIFF/Original/303.tif,TIFF/Ground Truth/303.tif,PNG/Original/303.png,PNG/Ground Truth/303.png
304,15,TIFF/Original/304.tif,TIFF/Ground Truth/304.tif,PNG/Original/304.png,PNG/Ground Truth/304.png
305,15,TIFF/Original/305.tif,TIFF/Ground Truth/305.tif,PNG/Original/305.png,PNG/Ground Truth/305.png
306,15,TIFF/Original/306.tif,TIFF/Ground Truth/306.tif,PNG/Original/306.png,PNG/Ground Truth/306.png
307,15,TIFF/Original/307.tif,TIFF/Ground Truth/307.tif,PNG/Original/307.png,PNG/Ground Truth/307.png
308,15,TIFF/Original/308.tif,TIFF/Ground Truth/308.tif,PNG/Original/308.png,PNG/Ground Truth/308.png
309,15,TIFF/Original/309.tif,TIFF/Ground Truth/309.tif,PNG/Original/309.png,PNG/Ground Truth/309.png
31,2,TIFF/Original/31.tif,TIFF/Ground Truth/31.tif,PNG/Original/31.png,PNG/Ground Truth/31.png
310,15,TIFF/Original/310.tif,TIFF/Ground Truth/310.tif,PNG/Original/310.png,PNG/Ground Truth/310.png
311,15,TIFF/Original/311.tif,TIFF/Ground Truth/311.tif,PNG/Original/311.png,PNG/Ground Truth/311.png
312,15,TIFF/Original/312.tif,TIFF/Ground Truth/312.tif,PNG/Original/312.png,PNG/Ground Truth/312.png
313,15,TIFF/Original/313.tif,TIFF/Ground Truth/313.tif,PNG/Original/313.png,PNG/Ground Truth/313.png
314,15,TIFF/Original/314.tif,TIFF/Ground Truth/314.tif,PNG/Original/314.png,PNG/Ground Truth/314.png
315,15,TIFF/Original/315.tif,TIFF/Ground Truth/315.tif,PNG/Original/315.png,PNG/Ground Truth/315.png
316,15,TIFF/Original/316.tif,TIFF/Ground Truth/316.tif,PNG/Original/316.png,PNG/Ground Truth/316.png
317,15,TIFF/Original/317.tif,TIFF/Ground Truth/317.tif,PNG/Original/317.png,PNG/Ground Truth/317.png
318,16,TIFF/Original/318.tif,TIFF/Ground Truth/318.tif,PNG/Original/318.png,PNG/Ground Truth/318.png
319,16,TIFF/Original/319.tif,TIFF/Ground Truth/319.tif,PNG/Original/319.png,PNG/Ground Truth/319.png
32,2,TIFF/Original/32.tif,TIFF/Ground Truth/32.tif,PNG/Original/32.png,PNG/Ground Truth/32.png
320,16,TIFF/Original/320.tif,TIFF/Ground Truth/320.tif,PNG/Original/320.png,PNG/Ground Truth/320.png
321,16,TIFF/Original/321.tif,TIFF/Ground Truth/321.tif,PNG/Original/321.png,PNG/Ground Truth/321.png
322,16,TIFF/Original/322.tif,TIFF/Ground Truth/322.tif,PNG/Original/322.png,PNG/Ground Truth/322.png
323,16,TIFF/Original/323.tif,TIFF/Ground Truth/323.tif,PNG/Original/323.png,PNG/Ground Truth/323.png
324,16,TIFF/Original/324.tif,TIFF/Ground Truth/324.tif,PNG/Original/324.png,PNG/Ground Truth/324.png
325,16,TIFF/Original/325.tif,TIFF/Ground Truth/325.tif,PNG/Original/325.png,PNG/Ground Truth/325.png
326,16,TIFF/Original/326.tif,TIFF/Ground Truth/326.tif,PNG/Original/326.png,PNG/Ground Truth/326.png
327,16,TIFF/Original/327.tif,TIFF/Ground Truth/327.tif,PNG/Original/327.png,PNG/Ground Truth/327.png
328,16,TIFF/Original/328.tif,TIFF/Ground Truth/328.tif,PNG/Original/328.png,PNG/Ground Truth/328.png
329,16,TIFF/Original/329.tif,TIFF/Ground Truth/329.tif,PNG/Original/329.png,PNG/Ground Truth/329.png
33,2,TIFF/Original/33.tif,TIFF/Ground Truth/33.tif,PNG/Original/33.png,PNG/Ground Truth/33.png
330,16,TIFF/Original/330.tif,TIFF/Ground Truth/330.tif,PNG/Original/330.png,PNG/Ground Truth/330.png
331,16,TIFF/Original/331.tif,TIFF/Ground Truth/331.tif,PNG/Original/331.png,PNG/Ground Truth/331.png
332,16,TIFF/Original/332.tif,TIFF/Ground Truth/332.tif,PNG/Original/332.png,PNG/Ground Truth/332.png
333,16,TIFF/Original/333.tif,TIFF/Ground Truth/333.tif,PNG/Original/333.png,PNG/Ground Truth/333.png
334,16,TIFF/Original/334.tif,TIFF/Ground Truth/334.tif,PNG/Original/334.png,PNG/Ground Truth/334.png
335,16,TIFF/Original/335.tif,TIFF/Ground Truth/335.tif,PNG/Original/335.png,PNG/Ground Truth/335.png
336,16,TIFF/Original/336.tif,TIFF/Ground Truth/336.tif,PNG/Original/336.png,PNG/Ground Truth/336.png
337,16,TIFF/Original/337.tif,TIFF/Ground Truth/337.tif,PNG/Original/337.png,PNG/Ground Truth/337.png
338,16,TIFF/Original/338.tif,TIFF/Ground Truth/338.tif,PNG/Original/338.png,PNG/Ground Truth/338.png
339,16,TIFF/Original/339.tif,TIFF/Ground Truth/339.tif,PNG/Original/339.png,PNG/Ground Truth/339.png
34,2,TIFF/Original/34.tif,TIFF/Ground Truth/34.tif,PNG/Original/34.png,PNG/Ground Truth/34.png
340,16,TIFF/Original/340.tif,TIFF/Ground Truth/340.tif,PNG/Original/340.png,PNG/Ground Truth/340.png
341,16,TIFF/Original/341.tif,TIFF/Ground Truth/341.tif,PNG/Original/341.png,PNG/Ground Truth/341.png
342,16,TIFF/Original/342.tif,TIFF/Ground Truth/342.tif,PNG/Original/342.png,PNG/Ground Truth/342.png
343,17,TIFF/Original/343.tif,TIFF/Ground Truth/343.tif,PNG/Original/343.png,PNG/Ground Truth/343.png
344,17,TIFF/Original/344.tif,TIFF/Ground Truth/344.tif,PNG/Original/344.png,PNG/Ground Truth/344.png
345,17,TIFF/Original/345.tif,TIFF/Ground Truth/345.tif,PNG/Original/345.png,PNG/Ground Truth/345.png
346,17,TIFF/Original/346.tif,TIFF/Ground Truth/346.tif,PNG/Original/346.png,PNG/Ground Truth/346.png
347,17,TIFF/Original/347.tif,TIFF/Ground Truth/347.tif,PNG/Original/347.png,PNG/Ground Truth/347.png
348,17,TIFF/Original/348.tif,TIFF/Ground Truth/348.tif,PNG/Original/348.png,PNG/Ground Truth/348.png
349,17,TIFF/Original/349.tif,TIFF/Ground Truth/349.tif,PNG/Original/349.png,PNG/Ground Truth/349.png
35,2,TIFF/Original/35.tif,TIFF/Ground Truth/35.tif,PNG/Original/35.png,PNG/Ground Truth/35.png
350,17,TIFF/Original/350.tif,TIFF/Ground Truth/350.tif,PNG/Original/350.png,PNG/Ground Truth/350.png
351,17,TIFF/Original/351.tif,TIFF/Ground Truth/351.tif,PNG/Original/351.png,PNG/Ground Truth/351.png
352,17,TIFF/Original/352.tif,TIFF/Ground Truth/352.tif,PNG/Original/352.png,PNG/Ground Truth/352.png
353,17,TIFF/Original/353.tif,TIFF/Ground Truth/353.tif,PNG/Original/353.png,PNG/Ground Truth/353.png
354,17,TIFF/Original/354.tif,TIFF/Ground Truth/354.tif,PNG/Original/354.png,PNG/Ground Truth/354.png
355,17,TIFF/Original/355.tif,TIFF/Ground Truth/355.tif,PNG/Original/355.png,PNG/Ground Truth/355.png
356,17,TIFF/Original/356.tif,TIFF/Ground Truth/356.tif,PNG/Original/356.png,PNG/Ground Truth/356.png
357,17,TIFF/Original/357.tif,TIFF/Ground Truth/357.tif,PNG/Original/357.png,PNG/Ground Truth/357.png
358,17,TIFF/Original/358.tif,TIFF/Ground Truth/358.tif,PNG/Original/358.png,PNG/Ground Truth/358.png
359,17,TIFF/Original/359.tif,TIFF/Ground Truth/359.tif,PNG/Original/359.png,PNG/Ground Truth/359.png
36,2,TIFF/Original/36.tif,TIFF/Ground Truth/36.tif,PNG/Original/36.png,PNG/Ground Truth/36.png
360,17,TIFF/Original/360.tif,TIFF/Ground Truth/360.tif,PNG/Original/360.png,PNG/Ground Truth/360.png
361,17,TIFF/Original/361.tif,TIFF/Ground Truth/361.tif,PNG/Original/361.png,PNG/Ground Truth/361.png
362,17,TIFF/Original/362.tif,TIFF/Ground Truth/362.tif,PNG/Original/362.png,PNG/Ground Truth/362.png
363,17,TIFF/Original/363.tif,TIFF/Ground Truth/363.tif,PNG/Original/363.png,PNG/Ground Truth/363.png
364,18,TIFF/Original/364.tif,TIFF/Ground Truth/364.tif,PNG/Original/364.png,PNG/Ground Truth/364.png
365,18,TIFF/Original/365.tif,TIFF/Ground Truth/365.tif,PNG/Original/365.png,PNG/Ground Truth/365.png
366,18,TIFF/Original/366.tif,TIFF/Ground Truth/366.tif,PNG/Original/366.png,PNG/Ground Truth/366.png
367,18,TIFF/Original/367.tif,TIFF/Ground Truth/367.tif,PNG/Original/367.png,PNG/Ground Truth/367.png
368,18,TIFF/Original/368.tif,TIFF/Ground Truth/368.tif,PNG/Original/368.png,PNG/Ground Truth/368.png
369,18,TIFF/Original/369.tif,TIFF/Ground Truth/369.tif,PNG/Original/369.png,PNG/Ground Truth/369.png
37,2,TIFF/Original/37.tif,TIFF/Ground Truth/37.tif,PNG/Original/37.png,PNG/Ground Truth/37.png
370,18,TIFF/Original/370.tif,TIFF/Ground Truth/370.tif,PNG/Original/370.png,PNG/Ground Truth/370.png
371,18,TIFF/Original/371.tif,TIFF/Ground Truth/371.tif,PNG/Original/371.png,PNG/Ground Truth/371.png
372,18,TIFF/Original/372.tif,TIFF/Ground Truth/372.tif,PNG/Original/372.png,PNG/Ground Truth/372.png
373,18,TIFF/Original/373.tif,TIFF/Ground Truth/373.tif,PNG/Original/373.png,PNG/Ground Truth/373.png
374,18,TIFF/Original/374.tif,TIFF/Ground Truth/374.tif,PNG/Original/374.png,PNG/Ground Truth/374.png
375,18,TIFF/Original/375.tif,TIFF/Ground Truth/375.tif,PNG/Original/375.png,PNG/Ground Truth/375.png
376,18,TIFF/Original/376.tif,TIFF/Ground Truth/376.tif,PNG/Original/376.png,PNG/Ground Truth/376.png
377,18,TIFF/Original/377.tif,TIFF/Ground Truth/377.tif,PNG/Original/377.png,PNG/Ground Truth/377.png
378,18,TIFF/Original/378.tif,TIFF/Ground Truth/378.tif,PNG/Original/378.png,PNG/Ground Truth/378.png
379,18,TIFF/Original/379.tif,TIFF/Ground Truth/379.tif,PNG/Original/379.png,PNG/Ground Truth/379.png
38,2,TIFF/Original/38.tif,TIFF/Ground Truth/38.tif,PNG/Original/38.png,PNG/Ground Truth/38.png
380,18,TIFF/Original/380.tif,TIFF/Ground Truth/380.tif,PNG/Original/380.png,PNG/Ground Truth/380.png
381,18,TIFF/Original/381.tif,TIFF/Ground Truth/381.tif,PNG/Original/381.png,PNG/Ground Truth/381.png
382,18,TIFF/Original/382.tif,TIFF/Ground Truth/382.tif,PNG/Original/382.png,PNG/Ground Truth/382.png
383,18,TIFF/Original/383.tif,TIFF/Ground Truth/383.tif,PNG/Original/383.png,PNG/Ground Truth/383.png
384,19,TIFF/Original/384.tif,TIFF/Ground Truth/384.tif,PNG/Original/384.png,PNG/Ground Truth/384.png
385,19,TIFF/Original/385.tif,TIFF/Ground Truth/385.tif,PNG/Original/385.png,PNG/Ground Truth/385.png
386,19,TIFF/Original/386.tif,TIFF/Ground Truth/386.tif,PNG/Original/386.png,PNG/Ground Truth/386.png
387,19,TIFF/Original/387.tif,TIFF/Ground Truth/387.tif,PNG/Original/387.png,PNG/Ground Truth/387.png
388,19,TIFF/Original/388.tif,TIFF/Ground Truth/388.tif,PNG/Original/388.png,PNG/Ground Truth/388.png
389,19,TIFF/Original/389.tif,TIFF/Ground Truth/389.tif,PNG/Original/389.png,PNG/Ground Truth/389.png
39,2,TIFF/Original/39.tif,TIFF/Ground Truth/39.tif,PNG/Original/39.png,PNG/Ground Truth/39.png
390,19,TIFF/Original/390.tif,TIFF/Ground Truth/390.tif,PNG/Original/390.png,PNG/Ground Truth/390.png
391,19,TIFF/Original/391.tif,TIFF/Ground Truth/391.tif,PNG/Original/391.png,PNG/Ground Truth/391.png
392,19,TIFF/Original/392.tif,TIFF/Ground Truth/392.tif,PNG/Original/392.png,PNG/Ground Truth/392.png
393,19,TIFF/Original/393.tif,TIFF/Ground Truth/393.tif,PNG/Original/393.png,PNG/Ground Truth/393.png
394,19,TIFF/Original/394.tif,TIFF/Ground Truth/394.tif,PNG/Original/394.png,PNG/Ground Truth/394.png
395,19,TIFF/Original/395.tif,TIFF/Ground Truth/395.tif,PNG/Original/395.png,PNG/Ground Truth/395.png
396,19,TIFF/Original/396.tif,TIFF/Ground Truth/396.tif,PNG/Original/396.png,PNG/Ground Truth/396.png
397,19,TIFF/Original/397.tif,TIFF/Ground Truth/397.tif,PNG/Original/397.png,PNG/Ground Truth/397.png
398,19,TIFF/Original/398.tif,TIFF/Ground Truth/398.tif,PNG/Original/398.png,PNG/Ground Truth/398.png
399,19,TIFF/Original/399.tif,TIFF/Ground Truth/399.tif,PNG/Original/399.png,PNG/Ground Truth/399.png
4,1,TIFF/Original/4.tif,TIFF/Ground Truth/4.tif,PNG/Original/4.png,PNG/Ground Truth/4.png
40,2,TIFF/Original/40.tif,TIFF/Ground Truth/40.tif,PNG/Original/40.png,PNG/Ground Truth/40.png
400,19,TIFF/Original/400.tif,TIFF/Ground Truth/400.tif,PNG/Original/400.png,PNG/Ground Truth/400.png
401,19,TIFF/Original/401.tif,TIFF/Ground Truth/401.tif,PNG/Original/401.png,PNG/Ground Truth/401.png
402,19,TIFF/Original/402.tif,TIFF/Ground Truth/402.tif,PNG/Original/402.png,PNG/Ground Truth/402.png
403,19,TIFF/Original/403.tif,TIFF/Ground Truth/403.tif,PNG/Original/403.png,PNG/Ground Truth/403.png
404,19,TIFF/Original/404.tif,TIFF/Ground Truth/404.tif,PNG/Original/404.png,PNG/Ground Truth/404.png
405,19,TIFF/Original/405.tif,TIFF/Ground Truth/405.tif,PNG/Original/405.png,PNG/Ground Truth/405.png
406,19,TIFF/Original/406.tif,TIFF/Ground Truth/406.tif,PNG/Original/406.png,PNG/Ground Truth/406.png
407,19,TIFF/Original/407.tif,TIFF/Ground Truth/407.tif,PNG/Original/407.png,PNG/Ground Truth/407.png
408,19,TIFF/Original/408.tif,TIFF/Ground Truth/408.tif,PNG/Original/408.png,PNG/Ground Truth/408.png
409,20,TIFF/Original/409.tif,TIFF/Ground Truth/409.tif,PNG/Original/409.png,PNG/Ground Truth/409.png
41,2,TIFF/Original/41.tif,TIFF/Ground Truth/41.tif,PNG/Original/41.png,PNG/Ground Truth/41.png
410,20,TIFF/Original/410.tif,TIFF/Ground Truth/410.tif,PNG/Original/410.png,PNG/Ground Truth/410.png
411,20,TIFF/Original/411.tif,TIFF/Ground Truth/411.tif,PNG/Original/411.png,PNG/Ground Truth/411.png
412,20,TIFF/Original/412.tif,TIFF/Ground Truth/412.tif,PNG/Original/412.png,PNG/Ground Truth/412.png
413,20,TIFF/Original/413.tif,TIFF/Ground Truth/413.tif,PNG/Original/413.png,PNG/Ground Truth/413.png
414,20,TIFF/Original/414.tif,TIFF/Ground Truth/414.tif,PNG/Original/414.png,PNG/Ground Truth/414.png
415,20,TIFF/Original/415.tif,TIFF/Ground Truth/415.tif,PNG/Original/415.png,PNG/Ground Truth/415.png
416,20,TIFF/Original/416.tif,TIFF/Ground Truth/416.tif,PNG/Original/416.png,PNG/Ground Truth/416.png
417,20,TIFF/Original/417.tif,TIFF/Ground Truth/417.tif,PNG/Original/417.png,PNG/Ground Truth/417.png
418,20,TIFF/Original/418.tif,TIFF/Ground Truth/418.tif,PNG/Original/418.png,PNG/Ground Truth/418.png
419,20,TIFF/Original/419.tif,TIFF/Ground Truth/419.tif,PNG/Original/419.png,PNG/Ground Truth/419.png
42,2,TIFF/Original/42.tif,TIFF/Ground Truth/42.tif,PNG/Original/42.png,PNG/Ground Truth/42.png
420,20,TIFF/Original/420.tif,TIFF/Ground Truth/420.tif,PNG/Original/420.png,PNG/Ground Truth/420.png
421,20,TIFF/Original/421.tif,TIFF/Ground Truth/421.tif,PNG/Original/421.png,PNG/Ground Truth/421.png
422,20,TIFF/Original/422.tif,TIFF/Ground Truth/422.tif,PNG/Original/422.png,PNG/Ground Truth/422.png
423,20,TIFF/Original/423.tif,TIFF/Ground Truth/423.tif,PNG/Original/423.png,PNG/Ground Truth/423.png
424,20,TIFF/Original/424.tif,TIFF/Ground Truth/424.tif,PNG/Original/424.png,PNG/Ground Truth/424.png
425,20,TIFF/Original/425.tif,TIFF/Ground Truth/425.tif,PNG/Original/425.png,PNG/Ground Truth/425.png
426,20,TIFF/Original/426.tif,TIFF/Ground Truth/426.tif,PNG/Original/426.png,PNG/Ground Truth/426.png
427,20,TIFF/Original/427.tif,TIFF/Ground Truth/427.tif,PNG/Original/427.png,PNG/Ground Truth/427.png
428,20,TIFF/Original/428.tif,TIFF/Ground Truth/428.tif,PNG/Original/428.png,PNG/Ground Truth/428.png
429,21,TIFF/Original/429.tif,TIFF/Ground Truth/429.tif,PNG/Original/429.png,PNG/Ground Truth/429.png
43,2,TIFF/Original/43.tif,TIFF/Ground Truth/43.tif,PNG/Original/43.png,PNG/Ground Truth/43.png
430,21,TIFF/Original/430.tif,TIFF/Ground Truth/430.tif,PNG/Original/430.png,PNG/Ground Truth/430.png
431,21,TIFF/Original/431.tif,TIFF/Ground Truth/431.tif,PNG/Original/431.png,PNG/Ground Truth/431.png
432,21,TIFF/Original/432.tif,TIFF/Ground Truth/432.tif,PNG/Original/432.png,PNG/Ground Truth/432.png
433,21,TIFF/Original/433.tif,TIFF/Ground Truth/433.tif,PNG/Original/433.png,PNG/Ground Truth/433.png
434,21,TIFF/Original/434.tif,TIFF/Ground Truth/434.tif,PNG/Original/434.png,PNG/Ground Truth/434.png
435,21,TIFF/Original/435.tif,TIFF/Ground Truth/435.tif,PNG/Original/435.png,PNG/Ground Truth/435.png
436,21,TIFF/Original/436.tif,TIFF/Ground Truth/436.tif,PNG/Original/436.png,PNG/Ground Truth/436.png
437,21,TIFF/Original/437.tif,TIFF/Ground Truth/437.tif,PNG/Original/437.png,PNG/Ground Truth/437.png
438,21,TIFF/Original/438.tif,TIFF/Ground Truth/438.tif,PNG/Original/438.png,PNG/Ground Truth/438.png
439,21,TIFF/Original/439.tif,TIFF/Ground Truth/439.tif,PNG/Original/439.png,PNG/Ground Truth/439.png
44,2,TIFF/Original/44.tif,TIFF/Ground Truth/44.tif,PNG/Original/44.png,PNG/Ground Truth/44.png
440,21,TIFF/Original/440.tif,TIFF/Ground Truth/440.tif,PNG/Original/440.png,PNG/Ground Truth/440.png
441,21,TIFF/Original/441.tif,TIFF/Ground Truth/441.tif,PNG/Original/441.png,PNG/Ground Truth/441.png
442,21,TIFF/Original/442.tif,TIFF/Ground Truth/442.tif,PNG/Original/442.png,PNG/Ground Truth/442.png
443,21,TIFF/Original/443.tif,TIFF/Ground Truth/443.tif,PNG/Original/443.png,PNG/Ground Truth/443.png
444,21,TIFF/Original/444.tif,TIFF/Ground Truth/444.tif,PNG/Original/444.png,PNG/Ground Truth/444.png
445,21,TIFF/Original/445.tif,TIFF/Ground Truth/445.tif,PNG/Original/445.png,PNG/Ground Truth/445.png
446,21,TIFF/Original/446.tif,TIFF/Ground Truth/446.tif,PNG/Original/446.png,PNG/Ground Truth/446.png
447,21,TIFF/Original/447.tif,TIFF/Ground Truth/447.tif,PNG/Original/447.png,PNG/Ground Truth/447.png
448,22,TIFF/Original/448.tif,TIFF/Ground Truth/448.tif,PNG/Original/448.png,PNG/Ground Truth/448.png
449,22,TIFF/Original/449.tif,TIFF/Ground Truth/449.tif,PNG/Original/449.png,PNG/Ground Truth/449.png
45,2,TIFF/Original/45.tif,TIFF/Ground Truth/45.tif,PNG/Original/45.png,PNG/Ground Truth/45.png
450,22,TIFF/Original/450.tif,TIFF/Ground Truth/450.tif,PNG/Original/450.png,PNG/Ground Truth/450.png
451,22,TIFF/Original/451.tif,TIFF/Ground Truth/451.tif,PNG/Original/451.png,PNG/Ground Truth/451.png
452,22,TIFF/Original/452.tif,TIFF/Ground Truth/452.tif,PNG/Original/452.png,PNG/Ground Truth/452.png
453,22,TIFF/Original/453.tif,TIFF/Ground Truth/453.tif,PNG/Original/453.png,PNG/Ground Truth/453.png
454,22,TIFF/Original/454.tif,TIFF/Ground Truth/454.tif,PNG/Original/454.png,PNG/Ground Truth/454.png
455,22,TIFF/Original/455.tif,TIFF/Ground Truth/455.tif,PNG/Original/455.png,PNG/Ground Truth/455.png
456,22,TIFF/Original/456.tif,TIFF/Ground Truth/456.tif,PNG/Original/456.png,PNG/Ground Truth/456.png
457,22,TIFF/Original/457.tif,TIFF/Ground Truth/457.tif,PNG/Original/457.png,PNG/Ground Truth/457.png
458,22,TIFF/Original/458.tif,TIFF/Ground Truth/458.tif,PNG/Original/458.png,PNG/Ground Truth/458.png
459,22,TIFF/Original/459.tif,TIFF/Ground Truth/459.tif,PNG/Original/459.png,PNG/Ground Truth/459.png
46,2,TIFF/Original/46.tif,TIFF/Ground Truth/46.tif,PNG/Original/46.png,PNG/Ground Truth/46.png
460,22,TIFF/Original/460.tif,TIFF/Ground Truth/460.tif,PNG/Original/460.png,PNG/Ground Truth/460.png
461,22,TIFF/Original/461.tif,TIFF/Ground Truth/461.tif,PNG/Original/461.png,PNG/Ground Truth/461.png
462,22,TIFF/Original/462.tif,TIFF/Ground Truth/462.tif,PNG/Original/462.png,PNG/Ground Truth/462.png
463,22,TIFF/Original/463.tif,TIFF/Ground Truth/463.tif,PNG/Original/463.png,PNG/Ground Truth/463.png
464,22,TIFF/Original/464.tif,TIFF/Ground Truth/464.tif,PNG/Original/464.png,PNG/Ground Truth/464.png
465,22,TIFF/Original/465.tif,TIFF/Ground Truth/465.tif,PNG/Original/465.png,PNG/Ground Truth/465.png
466,22,TIFF/Original/466.tif,TIFF/Ground Truth/466.tif,PNG/Original/466.png,PNG/Ground Truth/466.png
467,23,TIFF/Original/467.tif,TIFF/Ground Truth/467.tif,PNG/Original/467.png,PNG/Ground Truth/467.png
468,23,TIFF/Original/468.tif,TIFF/Ground Truth/468.tif,PNG/Original/468.png,PNG/Ground Truth/468.png
469,23,TIFF/Original/469.tif,TIFF/Ground Truth/469.tif,PNG/Original/469.png,PNG/Ground Truth/469.png
47,2,TIFF/Original/47.tif,TIFF/Ground Truth/47.tif,PNG/Original/47.png,PNG/Ground Truth/47.png
470,23,TIFF/Original/470.tif,TIFF/Ground Truth/470.tif,PNG/Original/470.png,PNG/Ground Truth/470.png
471,23,TIFF/Original/471.tif,TIFF/Ground Truth/471.tif,PNG/Original/471.png,PNG/Ground Truth/471.png
472,23,TIFF/Original/472.tif,TIFF/Ground Truth/472.tif,PNG/Original/472.png,PNG/Ground Truth/472.png
473,23,TIFF/Original/473.tif,TIFF/Ground Truth/473.tif,PNG/Original/473.png,PNG/Ground Truth/473.png
474,23,TIFF/Original/474.tif,TIFF/Ground Truth/474.tif,PNG/Original/474.png,PNG/Ground Truth/474.png
475,23,TIFF/Original/475.tif,TIFF/Ground Truth/475.tif,PNG/Original/475.png,PNG/Ground Truth/475.png
476,23,TIFF/Original/476.tif,TIFF/Ground Truth/476.tif,PNG/Original/476.png,PNG/Ground Truth/476.png
477,23,TIFF/Original/477.tif,TIFF/Ground Truth/477.tif,PNG/Original/477.png,PNG/Ground Truth/477.png
478,23,TIFF/Original/478.tif,TIFF/Ground Truth/478.tif,PNG/Original/478.png,PNG/Ground Truth/478.png
479,24,TIFF/Original/479.tif,TIFF/Ground Truth/479.tif,PNG/Original/479.png,PNG/Ground Truth/479.png
48,2,TIFF/Original/48.tif,TIFF/Ground Truth/48.tif,PNG/Original/48.png,PNG/Ground Truth/48.png
480,24,TIFF/Original/480.tif,TIFF/Ground Truth/480.tif,PNG/Original/480.png,PNG/Ground Truth/480.png
481,24,TIFF/Original/481.tif,TIFF/Ground Truth/481.tif,PNG/Original/481.png,PNG/Ground Truth/481.png
482,24,TIFF/Original/482.tif,TIFF/Ground Truth/482.tif,PNG/Original/482.png,PNG/Ground Truth/482.png
483,24,TIFF/Original/483.tif,TIFF/Ground Truth/483.tif,PNG/Original/483.png,PNG/Ground Truth/483.png
484,24,TIFF/Original/484.tif,TIFF/Ground Truth/484.tif,PNG/Original/484.png,PNG/Ground Truth/484.png
485,24,TIFF/Original/485.tif,TIFF/Ground Truth/485.tif,PNG/Original/485.png,PNG/Ground Truth/485.png
486,24,TIFF/Original/486.tif,TIFF/Ground Truth/486.tif,PNG/Original/486.png,PNG/Ground Truth/486.png
487,24,TIFF/Original/487.tif,TIFF/Ground Truth/487.tif,PNG/Original/487.png,PNG/Ground Truth/487.png
488,24,TIFF/Original/488.tif,TIFF/Ground Truth/488.tif,PNG/Original/488.png,PNG/Ground Truth/488.png
489,24,TIFF/Original/489.tif,TIFF/Ground Truth/489.tif,PNG/Original/489.png,PNG/Ground Truth/489.png
49,2,TIFF/Original/49.tif,TIFF/Ground Truth/49.tif,PNG/Original/49.png,PNG/Ground Truth/49.png
490,24,TIFF/Original/490.tif,TIFF/Ground Truth/490.tif,PNG/Original/490.png,PNG/Ground Truth/490.png
491,24,TIFF/Original/491.tif,TIFF/Ground Truth/491.tif,PNG/Original/491.png,PNG/Ground Truth/491.png
492,24,TIFF/Original/492.tif,TIFF/Ground Truth/492.tif,PNG/Original/492.png,PNG/Ground Truth/492.png
493,24,TIFF/Original/493.tif,TIFF/Ground Truth/493.tif,PNG/Original/493.png,PNG/Ground Truth/493.png
494,24,TIFF/Original/494.tif,TIFF/Ground Truth/494.tif,PNG/Original/494.png,PNG/Ground Truth/494.png
495,24,TIFF/Original/495.tif,TIFF/Ground Truth/495.tif,PNG/Original/495.png,PNG/Ground Truth/495.png
496,24,TIFF/Original/496.tif,TIFF/Ground Truth/496.tif,PNG/Original/496.png,PNG/Ground Truth/496.png
497,24,TIFF/Original/497.tif,TIFF/Ground Truth/497.tif,PNG/Original/497.png,PNG/Ground Truth/497.png
498,24,TIFF/Original/498.tif,TIFF/Ground Truth/498.tif,PNG/Original/498.png,PNG/Ground Truth/498.png
499,24,TIFF/Original/499.tif,TIFF/Ground Truth/499.tif,PNG/Original/499.png,PNG/Ground Truth/499.png
5,1,TIFF/Original/5.tif,TIFF/Ground Truth/5.tif,PNG/Original/5.png,PNG/Ground Truth/5.png
50,2,TIFF/Original/50.tif,TIFF/Ground Truth/50.tif,PNG/Original/50.png,PNG/Ground Truth/50.png
500,24,TIFF/Original/500.tif,TIFF/Ground Truth/500.tif,PNG/Original/500.png,PNG/Ground Truth/500.png
501,24,TIFF/Original/501.tif,TIFF/Ground Truth/501.tif,PNG/Original/501.png,PNG/Ground Truth/501.png
502,24,TIFF/Original/502.tif,TIFF/Ground Truth/502.tif,PNG/Original/502.png,PNG/Ground Truth/502.png
503,24,TIFF/Original/503.tif,TIFF/Ground Truth/503.tif,PNG/Original/503.png,PNG/Ground Truth/503.png
504,25,TIFF/Original/504.tif,TIFF/Ground Truth/504.tif,PNG/Original/504.png,PNG/Ground Truth/504.png
505,25,TIFF/Original/505.tif,TIFF/Ground Truth/505.tif,PNG/Original/505.png,PNG/Ground Truth/505.png
506,25,TIFF/Original/506.tif,TIFF/Ground Truth/506.tif,PNG/Original/506.png,PNG/Ground Truth/506.png
507,25,TIFF/Original/507.tif,TIFF/Ground Truth/507.tif,PNG/Original/507.png,PNG/Ground Truth/507.png
508,25,TIFF/Original/508.tif,TIFF/Ground Truth/508.tif,PNG/Original/508.png,PNG/Ground Truth/508.png
509,25,TIFF/Original/509.tif,TIFF/Ground Truth/509.tif,PNG/Original/509.png,PNG/Ground Truth/509.png
51,3,TIFF/Original/51.tif,TIFF/Ground Truth/51.tif,PNG/Original/51.png,PNG/Ground Truth/51.png
510,25,TIFF/Original/510.tif,TIFF/Ground Truth/510.tif,PNG/Original/510.png,PNG/Ground Truth/510.png
511,25,TIFF/Original/511.tif,TIFF/Ground Truth/511.tif,PNG/Original/511.png,PNG/Ground Truth/511.png
512,25,TIFF/Original/512.tif,TIFF/Ground Truth/512.tif,PNG/Original/512.png,PNG/Ground Truth/512.png
513,25,TIFF/Original/513.tif,TIFF/Ground Truth/513.tif,PNG/Original/513.png,PNG/Ground Truth/513.png
514,25,TIFF/Original/514.tif,TIFF/Ground Truth/514.tif,PNG/Original/514.png,PNG/Ground Truth/514.png
515,25,TIFF/Original/515.tif,TIFF/Ground Truth/515.tif,PNG/Original/515.png,PNG/Ground Truth/515.png
516,25,TIFF/Original/516.tif,TIFF/Ground Truth/516.tif,PNG/Original/516.png,PNG/Ground Truth/516.png
517,25,TIFF/Original/517.tif,TIFF/Ground Truth/517.tif,PNG/Original/517.png,PNG/Ground Truth/517.png
518,25,TIFF/Original/518.tif,TIFF/Ground Truth/518.tif,PNG/Original/518.png,PNG/Ground Truth/518.png
519,25,TIFF/Original/519.tif,TIFF/Ground Truth/519.tif,PNG/Original/519.png,PNG/Ground Truth/519.png
52,3,TIFF/Original/52.tif,TIFF/Ground Truth/52.tif,PNG/Original/52.png,PNG/Ground Truth/52.png
520,25,TIFF/Original/520.tif,TIFF/Ground Truth/520.tif,PNG/Original/520.png,PNG/Ground Truth/520.png
521,25,TIFF/Original/521.tif,TIFF/Ground Truth/521.tif,PNG/Original/521.png,PNG/Ground Truth/521.png
522,25,TIFF/Original/522.tif,TIFF/Ground Truth/522.tif,PNG/Original/522.png,PNG/Ground Truth/522.png
523,25,TIFF/Original/523.tif,TIFF/Ground Truth/523.tif,PNG/Original/523.png,PNG/Ground Truth/523.png
524,25,TIFF/Original/524.tif,TIFF/Ground Truth/524.tif,PNG/Original/524.png,PNG/Ground Truth/524.png
525,25,TIFF/Original/525.tif,TIFF/Ground Truth/525.tif,PNG/Original/525.png,PNG/Ground Truth/525.png
526,25,TIFF/Original/526.tif,TIFF/Ground Truth/526.tif,PNG/Original/526.png,PNG/Ground Truth/526.png
527,25,TIFF/Original/527.tif,TIFF/Ground Truth/527.tif,PNG/Original/527.png,PNG/Ground Truth/527.png
528,25,TIFF/Original/528.tif,TIFF/Ground Truth/528.tif,PNG/Original/528.png,PNG/Ground Truth/528.png
529,26,TIFF/Original/529.tif,TIFF/Ground Truth/529.tif,PNG/Original/529.png,PNG/Ground Truth/529.png
53,3,TIFF/Original/53.tif,TIFF/Ground Truth/53.tif,PNG/Original/53.png,PNG/Ground Truth/53.png
530,26,TIFF/Original/530.tif,TIFF/Ground Truth/530.tif,PNG/Original/530.png,PNG/Ground Truth/530.png
531,26,TIFF/Original/531.tif,TIFF/Ground Truth/531.tif,PNG/Original/531.png,PNG/Ground Truth/531.png
532,26,TIFF/Original/532.tif,TIFF/Ground Truth/532.tif,PNG/Original/532.png,PNG/Ground Truth/532.png
533,26,TIFF/Original/533.tif,TIFF/Ground Truth/533.tif,PNG/Original/533.png,PNG/Ground Truth/533.png
534,26,TIFF/Original/534.tif,TIFF/Ground Truth/534.tif,PNG/Original/534.png,PNG/Ground Truth/534.png
535,26,TIFF/Original/535.tif,TIFF/Ground Truth/535.tif,PNG/Original/535.png,PNG/Ground Truth/535.png
536,26,TIFF/Original/536.tif,TIFF/Ground Truth/536.tif,PNG/Original/536.png,PNG/Ground Truth/536.png
537,26,TIFF/Original/537.tif,TIFF/Ground Truth/537.tif,PNG/Original/537.png,PNG/Ground Truth/537.png
538,26,TIFF/Original/538.tif,TIFF/Ground Truth/538.tif,PNG/Original/538.png,PNG/Ground Truth/538.png
539,26,TIFF/Original/539.tif,TIFF/Ground Truth/539.tif,PNG/Original/539.png,PNG/Ground Truth/539.png
54,3,TIFF/Original/54.tif,TIFF/Ground Truth/54.tif,PNG/Original/54.png,PNG/Ground Truth/54.png
540,26,TIFF/Original/540.tif,TIFF/Ground Truth/540.tif,PNG/Original/540.png,PNG/Ground Truth/540.png
541,26,TIFF/Original/541.tif,TIFF/Ground Truth/541.tif,PNG/Original/541.png,PNG/Ground Truth/541.png
542,26,TIFF/Original/542.tif,TIFF/Ground Truth/542.tif,PNG/Original/542.png,PNG/Ground Truth/542.png
543,26,TIFF/Original/543.tif,TIFF/Ground Truth/543.tif,PNG/Original/543.png,PNG/Ground Truth/543.png
544,26,TIFF/Original/544.tif,TIFF/Ground Truth/544.tif,PNG/Original/544.png,PNG/Ground Truth/544.png
545,26,TIFF/Original/545.tif,TIFF/Ground Truth/545.tif,PNG/Original/545.png,PNG/Ground Truth/545.png
546,26,TIFF/Original/546.tif,TIFF/Ground Truth/546.tif,PNG/Original/546.png,PNG/Ground Truth/546.png
547,27,TIFF/Original/547.tif,TIFF/Ground Truth/547.tif,PNG/Original/547.png,PNG/Ground Truth/547.png
548,27,TIFF/Original/548.tif,TIFF/Ground Truth/548.tif,PNG/Original/548.png,PNG/Ground Truth/548.png
549,27,TIFF/Original/549.tif,TIFF/Ground Truth/549.tif,PNG/Original/549.png,PNG/Ground Truth/549.png
55,3,TIFF/Original/55.tif,TIFF/Ground Truth/55.tif,PNG/Original/55.png,PNG/Ground Truth/55.png
550,27,TIFF/Original/550.tif,TIFF/Ground Truth/550.tif,PNG/Original/550.png,PNG/Ground Truth/550.png
551,27,TIFF/Original/551.tif,TIFF/Ground Truth/551.tif,PNG/Original/551.png,PNG/Ground Truth/551.png
552,27,TIFF/Original/552.tif,TIFF/Ground Truth/552.tif,PNG/Original/552.png,PNG/Ground Truth/552.png
553,27,TIFF/Original/553.tif,TIFF/Ground Truth/553.tif,PNG/Original/553.png,PNG/Ground Truth/553.png
554,27,TIFF/Original/554.tif,TIFF/Ground Truth/554.tif,PNG/Original/554.png,PNG/Ground Truth/554.png
555,27,TIFF/Original/555.tif,TIFF/Ground Truth/555.tif,PNG/Original/555.png,PNG/Ground Truth/555.png
556,27,TIFF/Original/556.tif,TIFF/Ground Truth/556.tif,PNG/Original/556.png,PNG/Ground Truth/556.png
557,27,TIFF/Original/557.tif,TIFF/Ground Truth/557.tif,PNG/Original/557.png,PNG/Ground Truth/557.png
558,27,TIFF/Original/558.tif,TIFF/Ground Truth/558.tif,PNG/Original/558.png,PNG/Ground Truth/558.png
559,27,TIFF/Original/559.tif,TIFF/Ground Truth/559.tif,PNG/Original/559.png,PNG/Ground Truth/559.png
56,3,TIFF/Original/56.tif,TIFF/Ground Truth/56.tif,PNG/Original/56.png,PNG/Ground Truth/56.png
560,27,TIFF/Original/560.tif,TIFF/Ground Truth/560.tif,PNG/Original/560.png,PNG/Ground Truth/560.png
561,27,TIFF/Original/561.tif,TIFF/Ground Truth/561.tif,PNG/Original/561.png,PNG/Ground Truth/561.png
562,27,TIFF/Original/562.tif,TIFF/Ground Truth/562.tif,PNG/Original/562.png,PNG/Ground Truth/562.png
563,27,TIFF/Original/563.tif,TIFF/Ground Truth/563.tif,PNG/Original/563.png,PNG/Ground Truth/563.png
564,27,TIFF/Original/564.tif,TIFF/Ground Truth/564.tif,PNG/Original/564.png,PNG/Ground Truth/564.png
565,27,TIFF/Original/565.tif,TIFF/Ground Truth/565.tif,PNG/Original/565.png,PNG/Ground Truth/565.png
566,27,TIFF/Original/566.tif,TIFF/Ground Truth/566.tif,PNG/Original/566.png,PNG/Ground Truth/566.png
567,27,TIFF/Original/567.tif,TIFF/Ground Truth/567.tif,PNG/Original/567.png,PNG/Ground Truth/567.png
568,27,TIFF/Original/568.tif,TIFF/Ground Truth/568.tif,PNG/Original/568.png,PNG/Ground Truth/568.png
569,27,TIFF/Original/569.tif,TIFF/Ground Truth/569.tif,PNG/Original/569.png,PNG/Ground Truth/569.png
57,3,TIFF/Original/57.tif,TIFF/Ground Truth/57.tif,PNG/Original/57.png,PNG/Ground Truth/57.png
570,27,TIFF/Original/570.tif,TIFF/Ground Truth/570.tif,PNG/Original/570.png,PNG/Ground Truth/570.png
571,27,TIFF/Original/571.tif,TIFF/Ground Truth/571.tif,PNG/Original/571.png,PNG/Ground Truth/571.png
572,28,TIFF/Original/572.tif,TIFF/Ground Truth/572.tif,PNG/Original/572.png,PNG/Ground Truth/572.png
573,28,TIFF/Original/573.tif,TIFF/Ground Truth/573.tif,PNG/Original/573.png,PNG/Ground Truth/573.png
574,28,TIFF/Original/574.tif,TIFF/Ground Truth/574.tif,PNG/Original/574.png,PNG/Ground Truth/574.png
575,28,TIFF/Original/575.tif,TIFF/Ground Truth/575.tif,PNG/Original/575.png,PNG/Ground Truth/575.png
576,28,TIFF/Original/576.tif,TIFF/Ground Truth/576.tif,PNG/Original/576.png,PNG/Ground Truth/576.png
577,28,TIFF/Original/577.tif,TIFF/Ground Truth/577.tif,PNG/Original/577.png,PNG/Ground Truth/577.png
578,28,TIFF/Original/578.tif,TIFF/Ground Truth/578.tif,PNG/Original/578.png,PNG/Ground Truth/578.png
579,28,TIFF/Original/579.tif,TIFF/Ground Truth/579.tif,PNG/Original/579.png,PNG/Ground Truth/579.png
58,3,TIFF/Original/58.tif,TIFF/Ground Truth/58.tif,PNG/Original/58.png,PNG/Ground Truth/58.png
580,28,TIFF/Original/580.tif,TIFF/Ground Truth/580.tif,PNG/Original/580.png,PNG/Ground Truth/580.png
581,28,TIFF/Original/581.tif,TIFF/Ground Truth/581.tif,PNG/Original/581.png,PNG/Ground Truth/581.png
582,28,TIFF/Original/582.tif,TIFF/Ground Truth/582.tif,PNG/Original/582.png,PNG/Ground Truth/582.png
583,28,TIFF/Original/583.tif,TIFF/Ground Truth/583.tif,PNG/Original/583.png,PNG/Ground Truth/583.png
584,28,TIFF/Original/584.tif,TIFF/Ground Truth/584.tif,PNG/Original/584.png,PNG/Ground Truth/584.png
585,28,TIFF/Original/585.tif,TIFF/Ground Truth/585.tif,PNG/Original/585.png,PNG/Ground Truth/585.png
586,28,TIFF/Original/586.tif,TIFF/Ground Truth/586.tif,PNG/Original/586.png,PNG/Ground Truth/586.png
587,28,TIFF/Original/587.tif,TIFF/Ground Truth/587.tif,PNG/Original/587.png,PNG/Ground Truth/587.png
588,28,TIFF/Original/588.tif,TIFF/Ground Truth/588.tif,PNG/Original/588.png,PNG/Ground Truth/588.png
589,28,TIFF/Original/589.tif,TIFF/Ground Truth/589.tif,PNG/Original/589.png,PNG/Ground Truth/589.png
59,3,TIFF/Original/59.tif,TIFF/Ground Truth/59.tif,PNG/Original/59.png,PNG/Ground Truth/59.png
590,28,TIFF/Original/590.tif,TIFF/Ground Truth/590.tif,PNG/Original/590.png,PNG/Ground Truth/590.png
591,28,TIFF/Original/591.tif,TIFF/Ground Truth/591.tif,PNG/Original/591.png,PNG/Ground Truth/591.png
592,29,TIFF/Original/592.tif,TIFF/Ground Truth/592.tif,PNG/Original/592.png,PNG/Ground Truth/592.png
593,29,TIFF/Original/593.tif,TIFF/Ground Truth/593.tif,PNG/Original/593.png,PNG/Ground Truth/593.png
594,29,TIFF/Original/594.tif,TIFF/Ground Truth/594.tif,PNG/Original/594.png,PNG/Ground Truth/594.png
595,29,TIFF/Original/595.tif,TIFF/Ground Truth/595.tif,PNG/Original/595.png,PNG/Ground Truth/595.png
596,29,TIFF/Original/596.tif,TIFF/Ground Truth/596.tif,PNG/Original/596.png,PNG/Ground Truth/596.png
597,29,TIFF/Original/597.tif,TIFF/Ground Truth/597.tif,PNG/Original/597.png,PNG/Ground Truth/597.png
598,29,TIFF/Original/598.tif,TIFF/Ground Truth/598.tif,PNG/Original/598.png,PNG/Ground Truth/598.png
599,29,TIFF/Original/599.tif,TIFF/Ground Truth/599.tif,PNG/Original/599.png,PNG/Ground Truth/599.png
6,1,TIFF/Original/6.tif,TIFF/Ground Truth/6.tif,PNG/Original/6.png,PNG/Ground Truth/6.png
60,3,TIFF/Original/60.tif,TIFF/Ground Truth/60.tif,PNG/Original/60.png,PNG/Ground Truth/60.png
600,29,TIFF/Original/600.tif,TIFF/Ground Truth/600.tif,PNG/Original/600.png,PNG/Ground Truth/600.png
601,29,TIFF/Original/601.tif,TIFF/Ground Truth/601.tif,PNG/Original/601.png,PNG/Ground Truth/601.png
602,29,TIFF/Original/602.tif,TIFF/Ground Truth/602.tif,PNG/Original/602.png,PNG/Ground Truth/602.png
603,29,TIFF/Original/603.tif,TIFF/Ground Truth/603.tif,PNG/Original/603.png,PNG/Ground Truth/603.png
604,29,TIFF/Original/604.tif,TIFF/Ground Truth/604.tif,PNG/Original/604.png,PNG/Ground Truth/604.png
605,29,TIFF/Original/605.tif,TIFF/Ground Truth/605.tif,PNG/Original/605.png,PNG/Ground Truth/605.png
606,29,TIFF/Original/606.tif,TIFF/Ground Truth/606.tif,PNG/Original/606.png,PNG/Ground Truth/606.png
607,29,TIFF/Original/607.tif,TIFF/Ground Truth/607.tif,PNG/Original/607.png,PNG/Ground Truth/607.png
608,29,TIFF/Original/608.tif,TIFF/Ground Truth/608.tif,PNG/Original/608.png,PNG/Ground Truth/608.png
609,29,TIFF/Original/609.tif,TIFF/Ground Truth/609.tif,PNG/Original/609.png,PNG/Ground Truth/609.png
61,3,TIFF/Original/61.tif,TIFF/Ground Truth/61.tif,PNG/Original/61.png,PNG/Ground Truth/61.png
610,29,TIFF/Original/610.tif,TIFF/Ground Truth/610.tif,PNG/Original/610.png,PNG/Ground Truth/610.png
611,29,TIFF/Original/611.tif,TIFF/Ground Truth/611.tif,PNG/Original/611.png,PNG/Ground Truth/611.png
612,29,TIFF/Original/612.tif,TIFF/Ground Truth/612.tif,PNG/Original/612.png,PNG/Ground Truth/612.png
62,3,TIFF/Original/62.tif,TIFF/Ground Truth/62.tif,PNG/Original/62.png,PNG/Ground Truth/62.png
63,3,TIFF/Original/63.tif,TIFF/Ground Truth/63.tif,PNG/Original/63.png,PNG/Ground Truth/63.png
64,3,TIFF/Original/64.tif,TIFF/Ground Truth/64.tif,PNG/Original/64.png,PNG/Ground Truth/64.png
65,3,TIFF/Original/65.tif,TIFF/Ground Truth/65.tif,PNG/Original/65.png,PNG/Ground Truth/65.png
66,3,TIFF/Original/66.tif,TIFF/Ground Truth/66.tif,PNG/Original/66.png,PNG/Ground Truth/66.png
67,3,TIFF/Original/67.tif,TIFF/Ground Truth/67.tif,PNG/Original/67.png,PNG/Ground Truth/67.png
68,4,TIFF/Original/68.tif,TIFF/Ground Truth/68.tif,PNG/Original/68.png,PNG/Ground Truth/68.png
69,4,TIFF/Original/69.tif,TIFF/Ground Truth/69.tif,PNG/Original/69.png,PNG/Ground Truth/69.png
7,1,TIFF/Original/7.tif,TIFF/Ground Truth/7.tif,PNG/Original/7.png,PNG/Ground Truth/7.png
70,4,TIFF/Original/70.tif,TIFF/Ground Truth/70.tif,PNG/Original/70.png,PNG/Ground Truth/70.png
71,4,TIFF/Original/71.tif,TIFF/Ground Truth/71.tif,PNG/Original/71.png,PNG/Ground Truth/71.png
72,4,TIFF/Original/72.tif,TIFF/Ground Truth/72.tif,PNG/Original/72.png,PNG/Ground Truth/72.png
73,4,TIFF/Original/73.tif,TIFF/Ground Truth/73.tif,PNG/Original/73.png,PNG/Ground Truth/73.png
74,4,TIFF/Original/74.tif,TIFF/Ground Truth/74.tif,PNG/Original/74.png,PNG/Ground Truth/74.png
75,4,TIFF/Original/75.tif,TIFF/Ground Truth/75.tif,PNG/Original/75.png,PNG/Ground Truth/75.png
76,4,TIFF/Original/76.tif,TIFF/Ground Truth/76.tif,PNG/Original/76.png,PNG/Ground Truth/76.png
77,4,TIFF/Original/77.tif,TIFF/Ground Truth/77.tif,PNG/Original/77.png,PNG/Ground Truth/77.png
78,4,TIFF/Original/78.tif,TIFF/Ground Truth/78.tif,PNG/Original/78.png,PNG/Ground Truth/78.png
79,5,TIFF/Original/79.tif,TIFF/Ground Truth/79.tif,PNG/Original/79.png,PNG/Ground Truth/79.png
8,1,TIFF/Original/8.tif,TIFF/Ground Truth/8.tif,PNG/Original/8.png,PNG/Ground Truth/8.png
80,5,TIFF/Original/80.tif,TIFF/Ground Truth/80.tif,PNG/Original/80.png,PNG/Ground Truth/80.png
81,5,TIFF/Original/81.tif,TIFF/Ground Truth/81.tif,PNG/Original/81.png,PNG/Ground Truth/81.png
82,5,TIFF/Original/82.tif,TIFF/Ground Truth/82.tif,PNG/Original/82.png,PNG/Ground Truth/82.png
83,5,TIFF/Original/83.tif,TIFF/Ground Truth/83.tif,PNG/Original/83.png,PNG/Ground Truth/83.png
84,5,TIFF/Original/84.tif,TIFF/Ground Truth/84.tif,PNG/Original/84.png,PNG/Ground Truth/84.png
85,5,TIFF/Original/85.tif,TIFF/Ground Truth/85.tif,PNG/Original/85.png,PNG/Ground Truth/85.png
86,5,TIFF/Original/86.tif,TIFF/Ground Truth/86.tif,PNG/Original/86.png,PNG/Ground Truth/86.png
87,5,TIFF/Original/87.tif,TIFF/Ground Truth/87.tif,PNG/Original/87.png,PNG/Ground Truth/87.png
88,5,TIFF/Original/88.tif,TIFF/Ground Truth/88.tif,PNG/Original/88.png,PNG/Ground Truth/88.png
89,5,TIFF/Original/89.tif,TIFF/Ground Truth/89.tif,PNG/Original/89.png,PNG/Ground Truth/89.png
9,1,TIFF/Original/9.tif,TIFF/Ground Truth/9.tif,PNG/Original/9.png,PNG/Ground Truth/9.png
90,5,TIFF/Original/90.tif,TIFF/Ground Truth/90.tif,PNG/Original/90.png,PNG/Ground Truth/90.png
91,5,TIFF/Original/91.tif,TIFF/Ground Truth/91.tif,PNG/Original/91.png,PNG/Ground Truth/91.png
92,5,TIFF/Original/92.tif,TIFF/Ground Truth/92.tif,PNG/Original/92.png,PNG/Ground Truth/92.png
93,5,TIFF/Original/93.tif,TIFF/Ground Truth/93.tif,PNG/Original/93.png,PNG/Ground Truth/93.png
94,5,TIFF/Original/94.tif,TIFF/Ground Truth/94.tif,PNG/Original/94.png,PNG/Ground Truth/94.png
95,5,TIFF/Original/95.tif,TIFF/Ground Truth/95.tif,PNG/Original/95.png,PNG/Ground Truth/95.png
96,5,TIFF/Original/96.tif,TIFF/Ground Truth/96.tif,PNG/Original/96.png,PNG/Ground Truth/96.png
97,5,TIFF/Original/97.tif,TIFF/Ground Truth/97.tif,PNG/Original/97.png,PNG/Ground Truth/97.png
98,5,TIFF/Original/98.tif,TIFF/Ground Truth/98.tif,PNG/Original/98.png,PNG/Ground Truth/98.png
99,5,TIFF/Original/99.tif,TIFF/Ground Truth/99.tif,PNG/Original/99.png,PNG/Ground Truth/99.png
